snapshot_date,warehouse_code,material,material_desc,qty_total,value_total
2026-02-23,MAST,4581040,GRAVADOR DIG MHDX 1108 C,813.0,160258.56
2026-02-23,MAST,1890873,PCIM PRINCIPAL MHDX 1108-C,3618.0,72003.4
2026-02-23,MAST,4750074,ROTEADOR WRS ACTION RG 1200,562.0,66591.38
2026-02-23,MAST,4565514,CAMERA VID WI-FI FHD IMX C,579.0,55780.86
2026-02-23,MAST,4750201,ROTEADOR WI-FI W5-1200GS,706.0,50443.7
2026-02-23,MAST,4590016,CAMERA VID WI-FI IM7-S FC,320.0,45865.6
2026-02-23,MAST,4750077,ROTEADOR WRS W5-1200F,507.0,39358.41
2026-02-23,MAST,4750134,ROTEADOR WRS W6-1500,472.0,38416.08
2026-02-23,MAST,4760115,SWITCH 24P 1000MBPS S1124G,148.0,36166.76
2026-02-23,MAST,4581048,GRAVADOR DIG MHDX 1108 C C/HD 1TB,83.0,34639.22
2026-02-23,MAST,1950277,"APARELHO RADIODETEC 24,15GHZ RAD 7450 FT",2.0,33040.86
2026-02-23,MAST,4581092,GRAVADOR DIG MHDX 1308,147.0,32930.94
2026-02-23,MAST,4780077,MODEM OPTICO PON LAN 4P WIFIBER AX 1800,186.0,32373.3
2026-02-23,MAST,4750091,MODEM OPT FXS WI-FI AC WIFIBER 121 AC,211.0,31529.73
2026-02-23,MAST,4780062,MODEM OPTICO PON 1P LAN 1P - ONU R1,596.0,30670.16
2026-02-23,MAST,2882184,PLACA PRIN ROT. WRS W5-1200G,700.0,29736.0
2026-02-23,MAST,4570041,CAMERA TV IP B VIPC 1230 B G2,373.0,29444.62
2026-02-23,MAST,4820112,NOBREAK DNB 3KVA-220V-TW G2,26.0,28915.12
2026-02-23,MAST,4570028,CAMERA VID IP SD VIPW 1300 MINI SD,120.0,27980.4
2026-02-23,MAST,4565510,CAMERA VID WI-FI FHD IM4 C,229.0,27308.25
2026-02-23,MAST,4750219,ROTEADOR 5G BRANCO GX 3000 C/CHIP,26.0,26556.92
2026-02-23,MAST,4565506,CAMERA VID WI-FI FHD IM7 FC,143.0,26515.06
2026-02-23,MAST,4780129,MODEM OPTICO HG6145F,145.0,25636.0
2026-02-23,MAST,1870980,INVERSOR ON GRID 8KW IONS-8K M7 AFCI,8.0,24586.96
2026-02-23,MAST,4750095,ROTEADOR WRS W5-1200G,256.0,24450.56
2026-02-23,MAST,4750064,ROTEADOR EMP WI-FI AP 1350 AC-S,100.0,24107.0
2026-02-23,MAST,4580467,GRAVADOR DIG IMHDX 3132,27.0,23456.79
2026-02-23,MAST,4560052,CAMERA TV P/SIST SEG VHL 1120 B G2,536.0,23439.28
2026-02-23,MAST,4580130,GRAVADOR DIG MHDX 3116-C,51.0,21029.85
2026-02-23,MAST,4750076,ROTEADOR WRS GF 1200,220.0,20515.0
2026-02-23,MAST,4780086,MODEM OPT ULTRAWAVE WIFIBER 121 AC,154.0,20360.34
2026-02-23,MAST,4580316,SISTEMA RASTREM VEIC MVD 5204 GW,18.0,20046.96
2026-02-23,MAST,4780189,MODEM OPTICO HG6145F3,136.0,20042.32
2026-02-23,MAST,2880399,PLACA PRIN ROT WRS W5-1200F,488.0,19119.84
2026-02-23,MAST,4570042,CAMERA TV IP D VIPC 1230 D G2,220.0,18442.6
2026-02-23,MAST,4581079,SISTEMA RASTREM VEIC MVD 3404 GW,18.0,17963.46
2026-02-23,MAST,4750042,ROTEADOR EMP WI-FI AP 1250 AC MAX,81.0,17574.57
2026-02-23,MAST,4561602,CAMERA VEIC FHD SMART DC3102,109.0,16436.11
2026-02-23,MAST,4661403,AUTOMATIZADOR PORTAO BR 400 FAST,42.0,15878.52
2026-02-23,MAST,4290027,PROJETOR FULL HD PFL6410,25.0,15695.5
2026-02-23,MAST,4822048,NOBREAK DNB 6KVA-220V-TW,5.0,15695.3
2026-02-23,MAST,2880856,PLACA PRIN ROT WRS W4-300F,362.0,15377.76
2026-02-23,MAST,4661200,CENTRAL AUTOM INVERSORA CI-2000,172.0,15182.44
2026-02-23,MAST,4750086,ROTEADOR WRS ACTION RG 1200,119.0,15091.58
2026-02-23,MAST,4679030,FECHADURA C/LEITOR TAG RFID FX 3000 MF,83.0,15042.09
2026-02-23,MAST,4750097,ROTEADOR EXTS MESH TWIBI FORCE PLUG,153.0,14599.26
2026-02-23,MAST,4750160,ROTEADOR 5G PRETO VIVO GX 3000,14.0,14449.4
2026-02-23,MAST,4822024,NOBREAK DNB 3KVA-120V-RT,9.0,14278.95
2026-02-23,MAST,1890194,PCIM PRINCIPAL W6-1500,183.0,14109.66
2026-02-23,MAST,4560070,CAMERA VID WI-FI IM7+ZOOM FC,64.0,13980.8
2026-02-23,MAST,4820098,ESTACAO RECARGA VEIC BUSINESS - AC 22 KW,6.0,13947.42
2026-02-23,MAST,4590009,CAMERA VID WI-FI HD IMX 1,153.0,13864.86
2026-02-23,MAST,4570101,TESTADOR CFTV - TESTER 3000 MT,31.0,13813.91
2026-02-23,MAST,1890357,PCIM POTENCIA DNB 3KVA-220V G2,32.0,13425.4
2026-02-23,MAST,2880250,PLACA CIE 1060,158.0,13245.14
2026-02-23,MAST,1888085,"PCIM POTENCIA DNB 1,5KVA-120V",27.0,12928.32
2026-02-23,MAST,4850030,INTERRUPTOR ELET SMART WIFI BR EWS 1006,178.0,12922.8
2026-02-23,MAST,4521010,PORTEIRO RESID IPR8010,164.0,12896.96
2026-02-23,MAST,4820114,NOBREAK DNB 3KVA-220V-RT G2,10.0,12798.3
2026-02-23,MAST,4570024,CAMERA VID IP VIP 5232 SD IA G2,7.0,12640.46
2026-02-23,MAST,4570020,CAMERA VID IP B VIP 3250 AL IA,48.0,12545.76
2026-02-23,MAST,4590007,CAMERA VEIC DUO DC 3201 2K+,44.0,12422.52
2026-02-23,MAST,4543512,CENTRAL ALRM ANM 24 NET,140.0,12266.8
2026-02-23,MAST,4760079,SWITCH 8P SG 800 Q+ CKD,210.0,12259.8
2026-02-23,MAST,4565299,CAMERA TV VHL1120 B,240.0,12160.8
2026-02-23,MAST,4820099,"ESTACAO RECARGA VEIC BUSINESS - AC 7,4KW",7.0,12097.33
2026-02-23,MAST,2880490,PLACA BASE MONT ROT WOM 5A MIMO CFTV,59.0,12084.38
2026-02-23,MAST,3030325,PCIM PRINCIPAL TWIBI FORCE AX,133.0,11923.79
2026-02-23,MAST,4590006,CAMERA VID WI-FI FHD IM5 SC BLACK,100.0,11729.0
2026-02-23,MAST,4580760,GRAVADOR DIG MHDX 1232,15.0,11712.6
2026-02-23,MAST,4140032,SMART BOX ANDROID TV IZY PLAY STICK,69.0,11347.74
2026-02-23,MAST,4565512,CAMERA VID WI-FI FHD IM3 C,126.0,11138.4
2026-02-23,MAST,4565515,CAMERA VID WI-FI FHD IMX C BLACK,112.0,11056.64
2026-02-23,MAST,4521020,PORTEIRO RESID IPR1010,156.0,10977.72
2026-02-23,MAST,4520018,VIDEO PORTEIRO C/MONOFONE IVR 4,57.0,10911.51
2026-02-23,MAST,4670017,FECHADURA S/MACAN IFR 7001 PT,21.0,10797.36
2026-02-23,MAST,4750207,ROTEADOR WI-FI SR1041E,115.0,10665.1
2026-02-23,MAST,4842787,INVERSOR CARREG SEN 4000W ICS 5002,4.0,10508.32
2026-02-23,MAST,2880494,PLACA CPU AMT 2018 E SMART,152.0,10336.0
2026-02-23,MAST,4502101,TERMINAL DEDICADO PORTEIRO TDMI 300,441.0,10310.58
2026-02-23,MAST,2880676,"PCIM BASE COLLECTIVE 4,8,12I",122.0,10245.56
2026-02-23,MAST,4822017,NOBREAK XNB 1800VA-BI+,27.0,10193.31
2026-02-23,MAST,4780188,MODEM OPTICO HG6145D2,83.0,10070.39
2026-02-23,MAST,4520054,VIDEO PORTEIRO C/MONOFONE IVR 7 ID,41.0,10068.78
2026-02-23,MAST,4520040,VIDEO PORTEIRO RESIDENCIAL IP MVW 7070+,16.0,10022.72
2026-02-23,MAST,4780040,MODEM OPTICO PON LAN 4P WIFIBER AX 1800,62.0,9782.98
2026-02-23,MAST,4660200,AUTOMATIZADOR PORTA PP 200,13.0,9679.28
2026-02-23,MAST,4560051,CAMERA TV P/SIST SEG VHL 1120 D G2,237.0,9657.75
2026-02-23,MAST,4822028,NOBREAK DNB 3KVA-120V-TW,7.0,9619.89
2026-02-23,MAST,4690010,CENTRAL AUTOMACAO SMART ICA 1001,103.0,9590.33
2026-02-23,MAST,4750147,ROTEADOR 5G PRETO CLARO MERC GX 3000,9.0,9528.57
2026-02-23,MAST,4590013,CAMERA VID WI-FI 3MP IM8,42.0,9510.48
2026-02-23,MAST,4750008,ROTEADOR /ACCESS POINT AP 310,86.0,9505.58
2026-02-23,MAST,4822202,NOBREAK ATTIV 600VA-BI,45.0,9472.95
2026-02-23,MAST,4520046,VIDEOPORTEIRO WI-FI WT7,17.0,9461.86
2026-02-23,MAST,1870903,INVERSOR ON GRID 33KW IONS-33K T4,1.0,9450.74
2026-02-23,MAST,1891018,PCIM MODULO INTERNO ALLO WT7 V2,35.0,9432.5
2026-02-23,MAST,4670027,FECHADURA P/PORTAS VIDRO MFR 4000,26.0,9322.82
2026-02-23,MAST,4520053,VIDEO PORTEIRO IVR 1070 HS,48.0,9261.6
2026-02-23,MAST,4822022,"NOBREAK DNB 1,5KVA-120V-RT",9.0,9083.07
2026-02-23,MAST,4610100,CENTRAL ALRM INCD ENDER CIE 1125,27.0,9027.72
2026-02-23,MAST,4560033,CAMERA TV VHD 1130 B G7,155.0,8997.75
2026-02-23,MAST,4680259,CONTROLADOR ACESSO SS 3532 MF W,18.0,8941.14
2026-02-23,MAST,4750131,CONJUNTO ROT TWIBI FORCE AX,36.0,8929.8
2026-02-23,MAST,4750157,ROTEADOR 5G BRANCO TIM GX 3000,9.0,8904.15
2026-02-23,MAST,1888397,PCIM PORTATIL RC 3002 G2,237.0,8843.9
2026-02-23,MAST,1870911,INVERSOR ON GRID 8KW IONS-8K M7,3.0,8723.94
2026-02-23,MAST,4849596,INVERSOR ON GRID 12KW EGT 12000 MAX G2,2.0,8623.92
2026-02-23,MAST,4670008,FECHADURA C/MACAN IFR 7000+,13.0,8606.78
2026-02-23,MAST,4750115,ROTEADOR 5G PRETO GX 3000,8.0,8600.4
2026-02-23,MAST,4760094,SWITCH 24PG/4PGBIC SG 2404POE MAX,11.0,8552.83
2026-02-23,MAST,4663002,AUTOMATIZADOR PORTA 3 BRANCO PD 300,11.0,8419.73
2026-02-23,MAST,4565614,CAMERA VID WIFI FHD IMX C C/MICROSD 32GB,74.0,8331.66
2026-02-23,MAST,4780065,MODEM OPT WIFIBER 121 AC,60.0,8319.6
2026-02-23,MAST,4565516,CAMERA VID WI-FI FHD IME 360 C,63.0,8308.44
2026-02-23,MAST,4565505,CAMERA VID WI-FI FHD IM5+ FC,52.0,8224.32
2026-02-23,MAST,3030390,"BLC OPT CMOS 1/2,8"" VIP 3260 Z IA",33.0,8186.97
2026-02-23,MAST,4820080,"CONVERSOR AUT 12,8V EFM 1220 G2",136.0,8166.8
2026-02-23,MAST,4560074,CAMERA VID WI-FI IM9 + FC,27.0,8137.8
2026-02-23,MAST,4520042,VIDEO PORTEIRO IVR 1010,47.0,8121.13
2026-02-23,MAST,4780128,MODEM OPTICO HG6145D2,60.0,8064.0
2026-02-23,MAST,4750059,ROTEADOR DIG 5GHZ 20DBI - WOM AC MAX,35.0,7990.15
2026-02-23,MAST,4900273,INVERSOR ON-G 40KW EGT 40000 MAX G2 REM,1.0,7926.91
2026-02-23,MAST,4822014,NOBREAK SNB 1500VA BIVOLT,12.0,7920.72
2026-02-23,MAST,4611060,CENTRAL ALRM INCD ENDER CIE 1060,48.0,7879.68
2026-02-23,MAST,4140700,CONVERSOR DIG TV C/GRAV CD 700,194.0,7802.68
2026-02-23,MAST,1889431,PCIM PRINCIPAL DNB 10KVA 220V,6.0,7799.77
2026-02-23,MAST,1890814,PCIM PRINCIPAL/RFID LE 170 HZ100,10.0,7715.64
2026-02-23,MAST,4811016,POWER CONV EST VIDEO BALUN VB 1016 WP,19.0,7435.08
2026-02-23,MAST,1890886,PCIM PRINCIPAL MHDX 1104-C,315.0,7424.41
2026-02-23,MAST,4750090,CONJUNTO ROT 5GHZ 16DBI - WOM 5A MIMO,22.0,7305.1
2026-02-23,MAST,4525008,VIDEO PORTEIRO SMART IVW 3000+,33.0,7265.94
2026-02-23,MAST,1870909,INVERSOR ON GRID 15KW IONS-15K T4-220V,1.0,7236.73
2026-02-23,MAST,4750058,ROTEADOR DIG S/ FIO 5GHZ 16DBI WOM AC,38.0,7228.74
2026-02-23,MAST,1890122,IZY PLAY STICK C/GABINETE,89.0,7094.54
2026-02-23,MAST,1890197,PCIM PRINCIPAL RPD 8 UHF,20.0,7085.6
2026-02-23,MAST,4780160,MODEM OPTICO HG6145D2,47.0,7084.78
2026-02-23,MAST,1950415,MONITOR P/VID WALL MWL 7255,2.0,7052.26
2026-02-23,MAST,4550018,CERCA ELET S/BATERIA ELC 6012,84.0,7043.4
2026-02-23,MAST,2880341,PLACA BASE MONT ROT S/FIO WOM 5A MIMO,69.0,6986.94
2026-02-23,MAST,4860015,BATERIA RECARG LI-ION 48V 100AH EBL 4800,2.0,6908.24
2026-02-23,MAST,4560102,MESA CONTR IP/ANL VTN 2000 G2,8.0,6897.52
2026-02-23,MAST,4565511,CAMERA VID WI-FI FHD IM5 SC,60.0,6823.2
2026-02-23,MAST,1870973,INVERSOR ON G 20KW IONS-20K T4-220V AFCI,1.0,6807.46
2026-02-23,MAST,4580778,GRAVADOR DIG IMHDX 3116 AM,15.0,6772.05
2026-02-23,MAST,4760020,SWITCH 8P FAST ETHRN SF 800 Q+,263.0,6766.99
2026-02-23,MAST,4500043,VIDEO PORTEIRO XPE 3200 PLUS IP,10.0,6719.5
2026-02-23,MAST,4590014,CAMERA VID WI-FI IM6 FC,41.0,6699.4
2026-02-23,MAST,4610029,CENTRAL ALRM INCD END/ANALOG. MA 8000,1.0,6678.74
2026-02-23,MAST,4760107,SWITCH 24P/4P SFP S2328G PA,7.0,6641.81
2026-02-23,MAST,4750148,ROTEADOR EMP WI-FI AP 3000 AX OUTDOOR,17.0,6638.84
2026-02-23,MAST,2880340,PLACA BASE MONT ROT S/FIO WOM 5A,75.0,6621.0
2026-02-23,MAST,4521102,TELEFONE S/FIO C/RML EXT TIS 5010,43.0,6560.94
2026-02-23,MAST,1889881,PCIM PRINCIPAL CD700 V2,195.0,6537.1
2026-02-23,MAST,4565611,CAMERA VID WI-FI FHD IM5 SC C/MSD,51.0,6532.59
2026-02-23,MAST,4822213,NOBREAK ATTIV SEG POWER-BI+,22.0,6527.84
2026-02-23,MAST,2881123,PLACA BASE PORT IPR8010 ME,227.0,6469.5
2026-02-23,MAST,4822006,NOBREAK XNB 1200VA-120V,28.0,6460.72
2026-02-23,MAST,4550014,CERCA ELET S/BATERIA ELC 6012 NET,61.0,6413.54
2026-02-23,MAST,4680312,CONTROLADOR ACESSO SS 3710 UHF,6.0,6381.36
2026-02-23,MAST,4822209,NOBREAK ATTIV 1200VA-BI,22.0,6376.04
2026-02-23,MAST,4760106,SWITCH 24P/4P SFP S2328G A,12.0,6299.4
2026-02-23,MAST,4750164,ROTEADOR 5G BRANCO BRISANET GX 3000,6.0,6254.94
2026-02-23,MAST,1889573,PCIM POTENCIA XNB 1440VA-BI+ V2,62.0,6235.51
2026-02-23,MAST,1870967,INVERSOR ON GRID 25KW IONS-25K T4 AFCI,1.0,6232.09
2026-02-23,MAST,1889826,PCIM PRINCIPAL CAMERA DC 3201 2K+,62.0,6184.78
2026-02-23,MAST,1870665,INVERSOR ON GRID 25KW EGT 25000 MAX,1.0,6088.88
2026-02-23,MAST,4563145,CAMERA VID VIP 5232 SD IR IA FT,3.0,6081.69
2026-02-23,MAST,2883110,PLACA PORTL TEL TS 3110,249.0,6040.74
2026-02-23,MAST,4290057,PROJETOR FULL HD PFL5211,13.0,6004.83
2026-02-23,MAST,4590012,CAMERA VID WI-FI IM5 S 4M,42.0,5999.7
2026-02-23,MAST,4570021,CAMERA VID IP VIP 5225 SD IR IA G2,4.0,5963.8
2026-02-23,MAST,4580776,GRAVADOR DIG MHDX 1116 C,21.0,5961.06
2026-02-23,MAST,4543589,CENTRAL ALRM CONT-ROUB AMT 8000 PRO,36.0,5951.16
2026-02-23,MAST,4390179,CENTRAL ALRM INTR AMT 2018 E,36.0,5854.68
2026-02-23,MAST,2880595,PLACA DISPLAY P/CTIN WIFI,77.0,5835.83
2026-02-23,MAST,2881046,PLACA PRIN IVR 7 ID ME,142.0,5800.7
2026-02-23,MAST,4780070,EXTENSOR/DIV HDMI + USB VEX 30 0 KVM G2,21.0,5793.06
2026-02-23,MAST,4543516,CENTRAL ALRM S/FIO AMT 8000,28.0,5766.04
2026-02-23,MAST,2011396,MONT FINAL PCI PRIN IM4 C,101.0,5712.56
2026-02-23,MAST,4390176,CENTRAL ALRM AMT 2018 EG(IP C/GPRS),28.0,5710.04
2026-02-23,MAST,4543514,SIRENE S/FIO XSS 8000,71.0,5704.85
2026-02-23,MAST,4920463,PLACA 32 RML BAL CP 192/352,27.0,5687.82
2026-02-23,MAST,4822203,NOBREAK ATTIV 700VA-120V,29.0,5673.27
2026-02-23,MAST,4600163,CARTAO MSD 64GB 32TBW P/SEG ELETRON,183.0,5645.55
2026-02-23,MAST,4750218,ROTEADOR 5G PRETO GX 3000 C/CHIP,6.0,5625.06
2026-02-23,MAST,4780043,DIVISOR HDMI 1X4 VEX 3004,81.0,5606.82
2026-02-23,MAST,4822212,NOBREAK ATTIV 1500VA-BI,19.0,5582.77
2026-02-23,MAST,4822029,NOBREAK DNB 3.0KVA-220V-TW,5.0,5570.4
2026-02-23,MAST,4661100,CENTRAL AUTOM CP-1000,139.0,5439.07
2026-02-23,MAST,2880726,PLACA PRIN MONT FNT ININT FA1220S V2,174.0,5395.74
2026-02-23,MAST,4160027,REPETIDORA RADIO FREQUENCIA REP 25 VHF,1.0,5390.47
2026-02-23,MAST,4560054,CAMERA TV PROF VHD 3220 D FC+,71.0,5381.09
2026-02-23,MAST,4906067,INVERSOR ON GRID 20KW EGT 20000 MAX REM,1.0,5360.7
2026-02-23,MAST,4680300,CONTROLADOR ACESSO SS 3532 MF,14.0,5360.32
2026-02-23,MAST,4540053,SENSOR IR MICROND C/FIO IVP7000 MW EX,81.0,5337.9
2026-02-23,MAST,4750188,ROTEADOR WRS RX 3000,44.0,5333.24
2026-02-23,MAST,4580934,GRAVADOR DIG NVD 3316 P,6.0,5331.42
2026-02-23,MAST,1890121,PCIM PRINCIPAL IZY PLAY FULL HD,43.0,5264.49
2026-02-23,MAST,4680257,CONTROLADOR ACESSO SS 5541 MF W,9.0,5256.09
